#;Url;Google index;Google cachedate;;
1;https://www.amazon.com/paper-bag/s?k=paper+bag;93,800,000;18 Sep 2023;;
2;https://www.amazon.it/The-Paper-Bag-Company/s?k=The+Paper+Bag+Company;23,900,000;18 Sep 2023;;
3;https://uashmama.com/ww/it/shop/paper-bags;1,26;17 Sep 2023;;
4;https://en.wikipedia.org/wiki/Paper_bag;2,210,000,000;14 Sep 2023;;
5;https://www.dvccio.com/borse/paper-bag/;1,15;11 Sep 2023;;
6;https://www.imballaggialimentari.eu/en/kraft-paper-bag-full-color-22-10x30.html;2,65;15 Sep 2023;;
7;https://www.bizay.it/en/industrial-paper-bag;63,5;25 Aug 2023;;
8;https://www.leonedecorazioni.it/en/catering/clothing-and-protections/natura-paper-bag/;9,87;1 Sep 2023;;
9;https://context.reverso.net/traduzione/inglese-italiano/paper+bag;54,700,000;28 Aug 2023;;
10;https://www.rajapack.co.uk/blog-uk/how-are-paper-bags-made#:~:text=Paper%20bags%20are%20manufactured%20from,parallel%20open%20sides%20glued%20together.;3,58;16 Sep 2023;;
11;https://en.wikipedia.org/wiki/Paper_sack#:~:text=A%20paper%20sack%20is%20a,wall%20paper%20bags%20or%20sacks.;2,210,000,000;17 Sep 2023;;
12;https://www.linkedin.com/pulse/paper-bags-eco-friendly-choice-osama-diab#:~:text=Paper%20bags%20have%20become%20a,clothes%2C%20gifts%2C%20and%20more.;410,000,000;error;;
13;https://www.nationalgeographic.org/media/sustainable-shoppingwhich-bag-best/#:~:text=Paper%20bags%20have%20some%20advantages,used%20for%20purposes%20like%20composting.;11,6;error;;
14;https://www.dhomitilla.com/outfits/pantaloni-paper-bag-cosa-sono-e-come-farne-a-meno/;142;24 Aug 2023;;
15;https://delucacartaria.it/sacchetti/fiorella-paper-bag/;458;error;;
16;https://delucacartaria.it/sacchetti/avana-paper-bag/;458;error;;
17;https://www.leonedecorazioni.it/en/catering/clothing-and-protections/paper-bag/;9,87;error;;
18;https://www.freepik.com/free-photos-vectors/paper-bag;71,800,000;error;;
19;https://www.accordiespartiti.it/accordi/internazionali/apple-fiona/paper-bag/;22,4;error;;
20;https://www.youtube.com/watch?v=A_Epzis7KAg;2,190,000,000;error;;
21;https://www.wordreference.com/enit/paper%20bag;24,100,000;error;;
22;https://www.jbmachines.it/en/prodotti/macchine-e-soluzioni-bm-01/prodotti/macchina-per-borse-in-carta-con-maniglie;424;error;;
23;https://www.gettyimages.it/immagine/paper-bag;4,850,000;error;;
24;https://www.hotpackwebstore.com/collections/paper-bags;3,45;error;;
25;https://it.fiverr.com/rizkushirt/create-design-paper-bag;2,140,000;error;;
26;https://www.wikihow.com/Make-a-Paper-Bag;247;error;247;error
27;https://www.linguee.it/inglese-italiano/traduzione/paper+bag.html;988;error;;
28;https://www.shutterstock.com/search/paper-bag;77,100,000;error;77,100,000;error
29;https://www.stampegrafica.plus/gb/bags-paper/548-shopping-bag-26-x-39-x-14-cm-paper-bag-with-flat-handle-size-m.html;7,78;error;7,78;error
30;https://coposplastico.com/Kraft-paper-bag-with-flat-handle-22x29cm;9,95;error;;
31;https://www.packaging-online.it/en/envelopes-and-bags/2637-double-opening-paper-bag-l-12x19-cm-neutral.html;3,32;error;3,32;error
32;https://www.thepaperbag.org/;122;error;122;error
33;https://www.greengiving.eu/cheap-paper-bags/paper-bag-medium-cheap-25-11-32cm;1,89;error;1,89;error
34;https://www.bsigadget.com/en/53a8808-gift-paper-bag-medium-size-paper-medium.html;20,4;error;;
35;https://www.wikihow.com/Make-a-Paper-Bag;247;error;247;error
36;https://www.shutterstock.com/search/paper-bag;77,100,000;error;77,100,000;error
37;https://www.shopiemonte.com/eu/big-paper-bag-shopiemonte;7,41;error;;
38;https://www.stampegrafica.plus/gb/bags-paper/548-shopping-bag-26-x-39-x-14-cm-paper-bag-with-flat-handle-size-m.html;7,78;error;7,78;error
39;https://www.packaging-online.it/en/envelopes-and-bags/2637-double-opening-paper-bag-l-12x19-cm-neutral.html;3,32;error;3,32;error
40;https://www.soluzionicodycross.it/esistono-paper-bag;82,7;error;;
41;https://www.exaequo.bo.it/prodotto/sapone-artigianale-tailandia-paper-bag-te-verde/;1,12;error;;
42;https://www.artfromitaly.it/ENG/Paper-bag-with-handle-and-Black-Chic-print_12.19.95;40,1;error;;
43;https://www.thepaperbag.org/;122;error;122;error
44;https://www.greengiving.eu/cheap-paper-bags/paper-bag-medium-cheap-25-11-32cm;1,89;error;1,89;error
45;https://unsplash.com/s/photos/paper-bag;20,900,000;error;;
46;https://www.comieco.org/about-comieco/where-to-throw-away-fruit-and-its-paper-bag/;8,39;error;;
47;https://www.paperbagco.co.uk/;938;error;;
48;https://www.zara.com/it/it/donna-pantaloni-paperbag-l2234.html;7,980,000;17 Sep 2023;;
49;http://www.giogatto.net/wp/shopping-bags/;270;error;;
50;https://paperbagrecords.com/;328;error;;
51;https://www.re-bag.it/borse/borse-in-carta/kitchener-paper-bag;351;error;;
52;https://www.sociocounseling.it/downloads/4795/;63;error;;
53;https://www.piazzaitalia.it/jeans-ba-1670492414-1286.html;8,29;error;;
54;https://www.curionisun.it/?lang=en;835;error;;
55;https://www.paperbagarchive.com/;39;error;;
56;https://www2.hm.com/it_it/donna/bridge-the-seasons/trending-now1.html;10,500,000;error;;
57;https://www.etsy.com/it/listing/654597884/diy-custom-paper-bag-with-logo-stamp;46,400,000;error;;
58;https://www.ralphlauren.it/it/donna/abbigliamento/pantaloni-/20209/r/pantaloni-paper-bag;43,8;error;;
59;https://www.ovs.it/it/it/p/gonna-midi-paper-bag-fantasia-004135209.html;error;error;;
60;https://www.alibaba.com/showroom/paper-bag.html;error;error;;
61;https://www.replayjeans.com/it/en/paper-bag-shorts-in-denim-pg9591-050-547-799-009/;error;error;;
62;https://www.flaticon.com/free-icons/paper-bag;error;error;;
63;https://www.timberland.it/responsibility/paper-bag-packaging.html;error;error;;
64;https://www.wh.group/int/en/your_materials/paper/paper_bag_production/;error;error;;
65;https://www.brwnpaperbag.com/;error;error;;
66;https://www.collinsdictionary.com/dictionary/english-italian/paper-bag;error;error;;
67;https://int.liebeskind-berlin.com/c/bags/our-classics/the-iconic-paper-bag/;error;error;;
68;https://grupposhoppingbags.it/european-paper-bag-day-2021-comunicato-stampa-the-paper-bag/;error;error;;
69;https://www.webstaurantstore.com/15969/paper-bags.html;error;error;;
70;https://www.bagmasters.com/category/promotional-bags/paper;error;error;;
71;https://www.pacdora.com/dielines/paper-bag-dielines;error;error;;
72;https://www.ojiholdings.co.jp/english/product/paper_bag.html;error;error;;
73;https://www.kiabi.it/shorts-paper-bag-in-denim-bianco_P745541C745545;error;error;;
74;https://www.zalando.it/87origins-paper-bag-trousers-pantaloni-cargo-salmon-87021a008-h11.html;2,210,000;error;;
75;https://khangthanh.com/en/Other-news/7-surprising-facts-about-paper-bags-that-are-actually-true-1358.html;error;error;;
76;https://www.myomy.nl/en/my-paper-bag-en/;error;error;;
77;https://it.shein.com/style/Paper-Bag-Waist-Pants-sc-00105124.html;error;error;;
78;https://www.instructables.com/Paper-Bag-1/;error;error;;
79;https://www.promotionalgifts.eu/paper-medium---gift-paper-bag-medium-size.html?pid=14064;error;error;;
80;https://dir.indiamart.com/impcat/paper-bags.html;error;error;;
81;https://ihworld.com/news-blog/ih-blog/how-perfect-is-a-paper-bag/;error;error;;
82;https://www.bauzaar.it/cuccia-paper-bag-record-home-design-ma1767.html;error;error;;
83;https://www.motivi.com/it_IT/pantaloni-paper-bag-con-cintura-P292Q001882N033.html;error;error;;
84;http://www.perinijournal.it/Items/en-US/Articoli/Tidbits/TidBits-026-The-brown-paper-bag;error;error;;
85;https://www.carrierbagshop.co.uk/paper-bags/;error;error;;
86;https://www.europages.co.uk/companies/italy/paper%20bag.html;error;error;;
87;https://www.yessirbags.in/;error;error;;
88;https://releafbag.com/en-it;error;error;;
89;https://www.paperbagmfg.com/;error;error;;
90;https://www.behance.net/search/projects/?search=paper%20bag%20mockup;error;error;;
91;https://www.e-print.my/products_paper_bag;error;error;;
92;https://news.climate.columbia.edu/2020/04/30/plastic-paper-cotton-bags/;error;error;;
93;https://www.technavio.com/report/paper-bag-market-industry-analysis;error;error;;
94;https://www.christianaid.org.uk/get-involved/schools/paper-bag-game;error;error;;
95;https://thepaperbagplayers.org/;error;error;;
96;https://www.facebook.com/PaperBagCo/;error;error;;
97;https://www.paperbags.lk/;error;error;;
98;https://social-studies.com/products/metallic-paper-bag;error;error;;
99;https://www.biopak.com/au/bags/paper;error;error;;
100;https://millionparcel.sg/products/brown-kraft-paper-bags;error;error;;
101;https://blog.papermart.com/buyers-guide/paper-bag-history-inventors-types-today/;error;error;;
102;https://www.bonprix.it/categoria/donna-pantaloni-paper-bag/;error;error;;
103;https://www.reusethisbag.com/articles/the-truth-about-paper-bags;error;error;;
104;https://www.hanjeudyog.in/paper-bag-machine.html;error;error;;
105;https://www.smithsonianmag.com/smithsonian-institution/meet-female-inventor-behind-mass-market-paper-bags-180968469/;error;error;;
106;https://www.moma.org/collection/works/90111;error;error;;
107;https://fj.china.com.cn/b2b/en/products/en_Paper-Bag-Making-Machine_1.html;error;error;;
108;https://www.housedigest.com/1368927/does-brown-paper-bag-trick-really-deter-wasps-pests/;error;error;;
109;https://www.designandpaper.com/brown-paper-bag/;error;error;;
110;https://www.vanityfair.it/fashion/trend-fashion/2017/06/11/pantaloni-vita-paper-bag-trend-primavera-estate-2017;error;error;;
111;https://corporate.marksandspencer.com/why-time-right-roll-paper-carrier-bags-out-across-our-stores;error;error;;
112;https://www.nytimes.com/2023/09/14/style/bloomingdales-big-brown-bag.html;error;error;;
113;https://www.bbc.com/news/business-66822492;error;error;;
114;https://www.eater.com/2017/11/15/16527598/feminist-history-of-paper-bags;error;error;;
115;https://www.familyhandyman.com/article/paper-bag-wasp-deterrent-trick/;error;error;;
116;https://www.elegantfarmer.com/;error;error;;
117;https://www.yesprograms.org/stories/practical-paper-bag-making-education;error;error;;
118;https://www.linkedin.com/pulse/disposable-paper-bag-market-watch-developments?trk=article-ssr-frontend-pulse_more-articles_related-content-card;410,000,000;error;;
119;https://www.theguardian.com/environment/2023/sep/16/marks-spencer-replaces-plastic-bags-for-life-with-paper-ones;error;error;;
120;https://artfacts.net/artwork/d-type-jag-on-a-paper-bag/67646;error;error;;
121;https://pepco.it/product_category/donna/;error;error;;
122;https://www.twinkl.com/resource/hispanic-countries-paper-bag-project-with-self-check-and-grading-sheet-us-ss-706;error;error;;
123;https://parklandmfg.com/creating-a-stylish-derby-hat-from-a-paper-bag/;error;error;;
124;https://m-sale.alibaba.com/p/selling_point_landing_v2/index.html?wx_navbar_transparent=true&path=/p/selling_point_landing_v2/index.html&ncms_spm=a27aq.28306273&prefetchKey=met&wx_xpage=true&categoryIds=23&cardId=101002493&poolId=1010024938024739987&topOfferIds=1600886975659;error;error;;
125;https://locgz.com/qa/madinat-ash-shamal/greenin-paper-bag-manufacturing-4637548;error;error;;
126;https://www.cbsnews.com/pittsburgh/news/giant-eagle-prepares-shoppers-pittsburgh-plastic-bag-ban/;error;error;;
127;https://www.swisslatin.ch/QgBMyUBw/4440984799335-COMME%20des%20GARCONS%20PVC%20KRAFT%20PAPER%20BAG%20%E3%83%88%E3%83%BC%E3%83%88%E3%83%90%E3%83%83%E3%82%B0%E5%A4%A7%20%E3%83%99%E3%83%BC%E3%82%B8%E3%83%A5%20%28%E7%A5%9E%E6%88%B8%E4%B8%89%E5%AE%AE%E3%82%BB%E3%83%B3%E3%82%BF%E3%83%BC%E8%A1%97%E5%BA%97%29;error;error;;
128;https://www.wesa.fm/environment-energy/2023-09-11/pittsburgh-plastic-bag-ban-starts-october-2023;error;error;;
129;https://lagunanow.ph/uncategorised/multiwall-white-paper-bag-market-is-expected-to-boom-mondi-langston-companies-orora-united-bags-hood-packaging/205542/;error;error;;
130;https://www.cleveland.com/entertainment/2023/09/giant-eagle-changes-bag-policy-offers-incentives-for-recycled-bag-use.html;error;error;;
131;https://littlenightmares.fandom.com/wiki/Mono;error;error;;
132;https://gamefaqs.gamespot.com/boards/264562-playstation-5/80567636;error;error;;
133;https://food52.com/blog/14613-the-best-way-to-store-potatoes;error;error;;
134;https://www.salvosstores.com.au/shop/p/suboo-womens-size-m-beige-paper-bag-shorts-with-belt/784025;error;error;;
135;https://www.douglas.de/de/p/m001805126;error;error;;
136;https://www.bestproducts.com/lifestyle/a44727453/how-to-make-wrapping-paper-bag/;error;error;;
137;https://www.benzinga.com/pressreleases/23/09/34543531/2023-2031-kraft-paper-bag-market-opportunities;error;error;;
138;https://downshiftology.com/recipes/microwave-popcorn/;error;error;;
139;https://pimup.net/why-put-bananas-in-a-paper-bag/;error;error;;
140;https://www.marinellotende.com/public/?ma=2.168.9270723.7.17.31.paper+bag+rabbit;error;error;;
141;https://louis-vuitton-gift-wrapping-paper.essentialnotify.de/;error;error;;
142;https://www.drapersonline.com/news/ms-swapping-plastic-bags-for-paper-across-all-stores;error;error;;
143;https://leading-hero.de/iezdqkyqu/what-does-kate-spade-gift-wrapping-look-like;error;error;error;error
144;https://leading-hero.de/iezdqkyqu/what-does-kate-spade-gift-wrapping-look-like;error;error;error;error
145;https://www.freemockupworld.com/standing-coffee-bag-free-mockup/;error;error;;
146;https://www.edie.net/ms-switches-from-plastic-bags-for-life-to-paper-options/;error;error;;
147;https://www.glamour.es/articulos/katie-holmes-falda-paper-bag-tendencia;error;error;;
148;https://www.retailgazette.co.uk/blog/2023/09/ms-paper-bags/;error;error;;
149;https://dailybusinessgroup.co.uk/2023/09/ms-replaces-plastic-carrier-bags-with-paper/;error;error;;
150;https://www.packworld.com/PACKEXPO/article/22873173/ecommerce-baggers-can-run-poly-and-paper;error;error;;
151;https://www.post-gazette.com/business/money/2023/09/16/pittsburgh-plastic-bag-ban/stories/202309140080;error;error;;
152;https://www.countryliving.com/food-drinks/a40116139/how-to-ripen-bananas/;error;error;;
153;https://newsroom.gy/2023/09/15/erc-probing-rose-hall-restaurant-selling-chicken-in-paper-bags-with-hindu-symbols/;error;error;;
154;https://books.google.it/books?id=fAxzEAAAQBAJ&pg=PT52&lpg=PT52&dq=%22paper+bag%22&source=bl&ots=QFSh7AhTNi&sig=ACfU3U1_ruJrrGz_eo6KBggxXAVwA_wp0A&hl=en&sa=X&ved=2ahUKEwj49c6F97OBAxUjbPEDHQkgDXk4lgEQ6AF6BAgLEAM;error;error;;
155;https://books.google.it/books?id=50yLEAAAQBAJ&pg=PT24&lpg=PT24&dq=%22paper+bag%22&source=bl&ots=zt2vc0V-Cl&sig=ACfU3U2PNA6CLJWX2N6TubaXXYlONntXHA&hl=en&sa=X&ved=2ahUKEwj49c6F97OBAxUjbPEDHQkgDXk4lgEQ6AF6BAgHEAM;error;error;;
156;https://books.google.it/books?id=nmYtbL75RVEC&pg=PA79&lpg=PA79&dq=%22paper+bag%22&source=bl&ots=RL8oeKZWwO&sig=ACfU3U0BvU0PKzsPxmEkQz_89UkOONU26w&hl=en&sa=X&ved=2ahUKEwj49c6F97OBAxUjbPEDHQkgDXk4lgEQ6AF6BAgGEAM;error;error;;
157;https://books.google.it/books?id=XEV7ZwayBykC&pg=PA18&lpg=PA18&dq=%22paper+bag%22&source=bl&ots=E3rUPXBPMq&sig=ACfU3U0l33sJ-iHr6--aZHPE3j__YbqOiA&hl=en&sa=X&ved=2ahUKEwj49c6F97OBAxUjbPEDHQkgDXk4lgEQ6AF6BAgKEAM;error;error;;
158;https://books.google.it/books?id=HGNwEAAAQBAJ&pg=PT39&lpg=PT39&dq=%22paper+bag%22&source=bl&ots=3o16zO9Jy1&sig=ACfU3U3wA64JMjDlYHFk9rjseh7DMkSVrw&hl=en&sa=X&ved=2ahUKEwj49c6F97OBAxUjbPEDHQkgDXk4lgEQ6AF6BAgJEAM;error;error;;
159;https://books.google.it/books?id=sRXiHiJuKLAC&pg=PA21&lpg=PA21&dq=%22paper+bag%22&source=bl&ots=7qcpMysSQn&sig=ACfU3U1TCXjvq38JKQEUs0A-Z4fONFOB9Q&hl=en&sa=X&ved=2ahUKEwj49c6F97OBAxUjbPEDHQkgDXk4lgEQ6AF6BAgMEAM;error;error;;
160;http://www.littorina.it/public/?li=5.6.3002900.2.22.27.used+paper+bag;error;error;;
161;http://www.outplayed.it/eejfo1653042975093;error;error;;
162;https://www.pindiy.com/thread-592336-1-1.html;error;error;;
